Date,RF,SCHW
2020-01-02,13.228164672851562,44.22048568725586
2020-01-03,12.980474472045898,43.101905822753906
2020-01-06,12.83340835571289,43.404483795166016
2020-01-07,12.655383110046387,43.661197662353516
2020-01-08,12.73278522491455,43.92708969116211
2020-01-09,12.810187339782715,44.110469818115234
2020-01-10,12.655383110046387,43.826236724853516
2020-01-13,12.725044250488281,44.0279426574707
2020-01-14,12.76374626159668,43.743717193603516
2020-01-15,12.624421119689941,43.2027702331543
2020-01-16,12.887591361999512,44.92647171020508
2020-01-17,12.686341285705566,44.32133865356445
2020-01-21,12.577975273132324,44.42219924926758
2020-01-22,12.554757118225098,44.8623046875
2020-01-23,12.516056060791016,44.39469528198242
2020-01-24,12.167742729187012,43.23027038574219
2020-01-27,11.958754539489746,41.9558219909668
2020-01-28,12.020676612854004,42.45093536376953
2020-01-29,11.920052528381348,42.130035400390625
2020-01-30,12.082598686218262,43.26694107055664
2020-01-31,12.051637649536133,41.76328659057617
2020-02-03,12.276105880737305,41.882484436035156
2020-02-04,12.585719108581543,43.16609191894531
2020-02-05,12.825665473937988,44.2755126953125
2020-02-06,12.655383110046387,43.85374450683594
2020-02-07,12.632160186767578,43.37696838378906
2020-02-10,12.601198196411133,42.88186264038086
2020-02-11,12.701820373535156,43.70704650878906
2020-02-12,12.74826431274414,43.81706619262695
2020-02-13,12.848892211914062,43.52256774902344
2020-02-14,12.802445411682129,43.46734619140625
2020-02-18,12.624421119689941,43.007179260253906
2020-02-19,12.717302322387695,43.66061019897461
2020-02-20,12.802445411682129,44.70978546142578
2020-02-21,12.639901161193848,42.510189056396484
2020-02-24,12.175483703613281,40.31059646606445
2020-02-25,11.447895050048828,38.28586196899414
2020-02-26,11.285347938537598,38.12020492553711
2020-02-27,10.720307350158691,38.57115936279297
2020-02-28,10.464879989624023,37.50358581542969
2020-03-02,11.231167793273926,38.635597229003906
2020-03-03,10.906072616577148,35.24876403808594
2020-03-04,11.262127876281738,34.199588775634766
2020-03-05,10.80444622039795,32.02759552001953
2020-03-06,10.155084609985352,31.410978317260742
2020-03-09,8.1913480758667,27.858491897583008
2020-03-10,8.973710060119629,30.315771102905273
2020-03-11,8.363468170166016,29.846410751342773
2020-03-12,7.401163578033447,26.165075302124023
2020-03-13,7.807990074157715,31.17169189453125
2020-03-16,6.5014448165893555,28.12538719177246
2020-03-17,6.947392463684082,30.996828079223633
2020-03-18,5.758197784423828,29.83720588684082
2020-03-19,6.477972984313965,29.28500747680664
2020-03-20,6.462324619293213,28.300251007080078
2020-03-23,6.039848327636719,26.229496002197266
2020-03-24,6.923921585083008,28.272632598876953
2020-03-25,6.830035209655762,31.447784423828125
2020-03-26,7.706283092498779,31.438589096069336
2020-03-27,7.565457820892334,30.93239974975586
2020-03-30,7.43245792388916,31.59503746032715
2020-03-31,7.017805576324463,30.941608428955078
2020-04-01,6.493621826171875,30.334182739257812
2020-04-02,6.564033508300781,31.650259017944336
2020-04-03,6.313675880432129,30.92319107055664
2020-04-06,6.947392463684082,33.205623626708984
2020-04-07,7.3463969230651855,32.15644836425781
2020-04-08,7.909698486328125,33.58296203613281
2020-04-09,8.613825798034668,33.62897491455078
2020-04-13,8.347821235656738,31.999984741210938
2020-04-14,7.917521953582764,33.32527160644531
2020-04-15,7.268158435821533,31.907958984375
2020-04-16,6.923921585083008,31.843536376953125
2020-04-17,7.448103427886963,32.9387321472168
2020-04-20,7.354221343994141,33.67499923706055
2020-04-21,6.947392463684082,33.07677459716797
2020-04-22,7.111688137054443,33.012351989746094
2020-04-23,7.369868278503418,32.80067443847656
2020-04-24,7.659342288970947,32.57979965209961
2020-04-27,8.199173927307129,33.905067443847656
2020-04-28,8.363468170166016,34.12594985961914
2020-04-29,8.809418678283691,35.69973373413086
2020-04-30,8.410411834716797,34.714969635009766
2020-05-01,7.956638813018799,33.54615783691406
2020-05-04,7.948817729949951,32.79146957397461
2020-05-05,7.807990074157715,32.11963653564453
2020-05-06,7.549808979034424,31.815927505493164
2020-05-07,7.706283092498779,32.53753662109375
2020-05-08,8.073994636535645,33.7772331237793
2020-05-11,7.674988269805908,33.15739822387695
2020-05-12,7.29163122177124,31.751161575317383
2020-05-13,6.978687286376953,30.66873550415039
2020-05-14,7.307278633117676,30.90003204345703
2020-05-15,7.189924240112305,30.122894287109375
2020-05-18,7.847109794616699,31.649398803710938
2020-05-19,7.541987895965576,30.520713806152344
2020-05-20,7.86275577545166,31.16832160949707
2020-05-21,7.776697158813477,30.73349380493164
2020-05-22,7.784519672393799,30.37268829345703
2020-05-26,8.574708938598633,31.917678833007812
2020-05-27,9.372718811035156,34.31382369995117
2020-05-28,8.997183799743652,33.31467056274414
2020-05-29,8.848535537719727,33.222137451171875
2020-06-01,8.981536865234375,33.7772331237793
2020-06-02,9.153656959533691,34.36008071899414
2020-06-03,9.630900382995605,36.552696228027344
2020-06-04,10.244964599609375,38.56027603149414
2020-06-05,10.561901092529297,39.614933013916016
2020-06-08,10.96599292755127,38.689781188964844
2020-06-09,10.664901733398438,37.17253494262695
2020-06-10,10.031030654907227,35.26673126220703
2020-06-11,9.032681465148926,33.453433990478516
2020-06-12,9.428852081298828,33.8234977722168
2020-06-15,9.634862899780273,33.90676498413086
2020-06-16,9.967643737792969,34.156551361083984
2020-06-17,9.793328285217285,33.925270080566406
2020-06-18,9.793328285217285,34.11954879760742
2020-06-19,9.508085250854492,33.925270080566406
2020-06-22,9.571475982666016,33.6939697265625
2020-06-23,9.516008377075195,33.203643798828125
2020-06-24,8.937601089477539,31.270090103149414
2020-06-25,9.230767250061035,31.52913475036621
2020-06-26,8.43842601776123,29.373525619506836
2020-06-29,8.604817390441895,30.298677444458008
2020-06-30,8.810826301574707,31.21457290649414
2020-07-01,8.422578811645508,30.5484619140625
2020-07-02,8.398810386657715,30.89077377319336
2020-07-06,8.55727767944336,31.649398803710938
2020-07-07,8.1848783493042,31.353347778320312
2020-07-08,8.192801475524902,31.85293197631836
2020-07-09,7.788707733154297,31.344093322753906
2020-07-10,8.153182983398438,32.19523239135742
2020-07-13,8.303728103637695,31.85293197631836
2020-07-14,8.089797019958496,31.96394157409668
2020-07-15,8.501813888549805,32.99087905883789
2020-07-16,8.55727767944336,32.306251525878906
2020-07-17,8.176953315734863,30.937021255493164
2020-07-20,8.105644226074219,31.307090759277344
2020-07-21,8.55727767944336,32.60231018066406
2020-07-22,8.55727767944336,32.25074768066406
2020-07-23,8.747440338134766,32.57453155517578
2020-07-24,8.652359962463379,32.32474899291992
2020-07-27,8.406731605529785,31.307090759277344
2020-07-28,8.351268768310547,31.140562057495117
2020-07-29,8.747440338134766,31.52913475036621
2020-07-30,8.517661094665527,31.066553115844727
2020-07-31,8.604817390441895,30.66873550415039
2020-08-03,8.52558422088623,30.844512939453125
2020-08-04,8.478043556213379,31.408863067626953
2020-08-05,8.66028118133545,31.640146255493164
2020-08-06,8.588972091674805,30.821699142456055
2020-08-07,8.921754837036133,31.658740997314453
2020-08-10,9.111917495727539,31.435527801513672
2020-08-11,9.45262336730957,32.51438522338867
2020-08-12,9.44469928741455,32.40278244018555
2020-08-13,9.206995964050293,32.188865661621094
2020-08-14,9.325848579406738,32.598087310791016
2020-08-17,9.246613502502441,32.19817352294922
2020-08-18,9.008910179138184,32.50508499145508
2020-08-19,9.048528671264648,33.211917877197266
2020-08-20,8.779131889343262,32.1330680847168
2020-08-21,8.691973686218262,32.04006576538086
2020-08-24,9.143610000610352,32.66319274902344
2020-08-25,9.25454044342041,33.0631103515625
2020-08-26,9.016836166381836,32.942203521728516
2020-08-27,9.270384788513184,33.55603790283203
2020-08-28,9.278306007385254,33.742042541503906
2020-08-31,9.159457206726074,33.04450607299805
2020-09-01,9.214920043945312,33.295616149902344
2020-09-02,9.341693878173828,33.453739166259766
2020-09-03,9.257390975952148,32.914302825927734
2020-09-04,9.474170684814453,33.667640686035156
2020-09-08,9.128925323486328,32.23537826538086
2020-09-09,9.201188087463379,32.57947540283203
2020-09-10,9.024552345275879,32.23537826538086
2020-09-11,9.249361991882324,32.77480697631836
2020-09-14,9.682927131652832,33.23051834106445
2020-09-15,9.618693351745605,32.319068908691406
2020-09-16,9.707014083862305,33.23051834106445
2020-09-17,9.658839225769043,33.304927825927734
2020-09-18,9.562491416931152,33.50954055786133
2020-09-21,9.080754280090332,32.77480697631836
2020-09-22,8.863971710205078,32.523685455322266
2020-09-23,8.631132125854492,32.34697723388672
2020-09-24,8.63916301727295,31.956361770629883
2020-09-25,8.831856727600098,32.49578857421875
2020-09-28,9.241332054138184,33.667640686035156
2020-09-29,9.128925323486328,33.27702331542969
2020-09-30,9.257390975952148,33.6955451965332
2020-10-01,9.257390975952148,35.090614318847656
2020-10-02,9.594606399536133,35.034812927246094
2020-10-05,10.092402458190918,34.355873107910156
2020-10-06,9.947882652282715,34.17917251586914
2020-10-07,10.20480728149414,35.13711166381836
2020-10-08,10.469762802124023,35.09991455078125
2020-10-09,10.26904010772705,35.55563735961914
2020-10-12,10.397501945495605,35.77885055541992
2020-10-13,10.028170585632324,34.9790153503418
2020-10-14,9.835474967956543,34.52327346801758
2020-10-15,10.068317413330078,36.2996711730957
2020-10-16,10.012112617492676,36.54148483276367
2020-10-19,9.907735824584961,36.169464111328125
2020-10-20,10.389474868774414,36.39267349243164
2020-10-21,10.26904010772705,36.2066650390625
2020-10-22,11.079964637756348,37.32271957397461
2020-10-23,11.0639066696167,37.52732849121094
2020-10-26,10.718663215637207,36.41128921508789
2020-10-27,10.357359886169434,35.77885055541992
2020-10-28,10.220866203308105,35.481231689453125
2020-10-29,10.59822940826416,37.49013137817383
2020-10-30,10.678518295288086,38.234161376953125
2020-11-02,11.0478515625,38.3736572265625
2020-11-03,11.264631271362305,39.58272933959961
2020-11-04,10.542023658752441,37.983055114746094
2020-11-05,10.98361873626709,38.55038070678711
2020-11-06,10.477790832519531,38.252769470214844
2020-11-09,12.220076560974121,41.8148307800293
2020-11-10,12.228105545043945,43.17270278930664
2020-11-11,11.939062118530273,42.99599838256836
2020-11-12,11.577759742736816,41.754207611083984
2020-11-13,11.96314811706543,42.949317932128906
2020-11-16,12.53320598602295,43.78029251098633
2020-11-17,12.54123592376709,45.65699005126953
2020-11-18,12.372627258300781,44.536563873291016
2020-11-19,12.412774085998535,43.95769500732422
2020-11-20,12.131757736206055,43.518856048583984
2020-11-23,12.356571197509766,45.0407600402832
2020-11-24,12.918596267700195,46.48796463012695
2020-11-25,12.645611763000488,46.450618743896484
2020-11-27,12.54123592376709,46.403926849365234
2020-11-30,12.26021957397461,45.544944763183594
2020-12-01,12.741959571838379,46.70271301269531
2020-12-02,12.982828140258789,47.48699951171875
2020-12-03,12.994989395141602,47.68307113647461
2020-12-04,13.108481407165527,47.60837936401367
2020-12-07,12.946348190307617,47.393638610839844
2020-12-08,12.930134773254395,47.197566986083984
2020-12-09,12.86528205871582,47.197566986083984
2020-12-10,12.849069595336914,46.777400970458984
2020-12-11,12.597760200500488,46.15183639526367
2020-12-14,12.281601905822754,46.53465270996094
2020-12-15,12.468056678771973,47.664405822753906
2020-12-16,12.646403312683105,48.25260925292969
2020-12-17,12.61397647857666,48.345985412597656
2020-12-18,12.37077808380127,48.53271484375
2020-12-21,12.597760200500488,48.317970275878906
2020-12-22,12.508588790893555,48.215267181396484
2020-12-23,12.922027587890625,48.8781852722168
2020-12-24,12.930134773254395,48.607418060302734
2020-12-28,12.938241958618164,49.429046630859375
2020-12-29,12.768001556396484,49.05559158325195
2020-12-30,12.913923263549805,48.934207916259766
2020-12-31,13.067948341369629,49.52241897583008
2021-01-04,12.930134773254395,49.260990142822266
2021-01-05,13.173334121704102,49.27033996582031
2021-01-06,13.984003067016602,53.60261154174805
2021-01-07,14.316376686096191,55.143184661865234
2021-01-08,14.243413925170898,55.06850051879883
2021-01-11,14.494721412658691,56.2542610168457
2021-01-12,14.802774429321289,57.14126205444336
2021-01-13,14.721712112426758,55.56333923339844
2021-01-14,15.118934631347656,55.3952751159668
2021-01-15,14.77845287322998,54.85374450683594
2021-01-19,14.932482719421387,55.30191421508789
2021-01-20,14.713603019714355,54.72303009033203
2021-01-21,14.421764373779297,54.80705261230469
2021-01-22,14.381224632263184,54.52695846557617
2021-01-25,14.365015983581543,53.294490814208984
2021-01-26,14.38933277130127,52.48219299316406
2021-01-27,13.902935028076172,49.7558479309082
2021-01-28,14.275840759277344,50.176002502441406
2021-01-29,13.789443016052246,48.121910095214844
2021-02-01,14.04074764251709,49.83053207397461
2021-02-02,14.397442817687988,50.922950744628906
2021-02-03,14.86762809753418,49.91456985473633
2021-02-04,15.386453628540039,51.539180755615234
2021-02-05,15.345924377441406,52.043357849121094
2021-02-08,15.84042739868164,52.14606475830078
2021-02-09,15.84853458404541,52.538211822509766
2021-02-10,15.791787147521973,52.00601577758789
2021-02-11,15.678301811218262,52.39006042480469
2021-02-12,15.856639862060547,54.50702667236328
2021-02-16,16.391681671142578,57.09233474731445
2021-02-17,16.229551315307617,57.420188903808594
2021-02-18,15.937711715698242,58.010311126708984
2021-02-19,16.513282775878906,57.9915771484375
2021-02-22,16.788909912109375,58.965755462646484
2021-02-23,17.234769821166992,58.703468322753906
2021-02-24,18.004911422729492,60.36145782470703
2021-02-25,17.283414840698242,59.10626220703125
2021-02-26,16.724056243896484,57.81360626220703
2021-03-01,17.283414840698242,60.04296875
2021-03-02,17.113178253173828,59.7619514465332
2021-03-03,17.015893936157227,60.848533630371094
2021-03-04,16.546295166015625,60.670555114746094
2021-03-05,17.077152252197266,60.90473175048828
2021-03-08,17.41199493408203,60.38018035888672
2021-03-09,17.166988372802734,59.71512222290039
2021-03-10,17.567171096801758,60.91409683227539
2021-03-11,17.509998321533203,62.206756591796875
2021-03-12,17.853010177612305,63.3682861328125
2021-03-15,17.52633285522461,62.14118194580078
2021-03-16,17.101652145385742,61.326255798339844
2021-03-17,17.305824279785156,61.54169845581055
2021-03-18,17.52633285522461,61.88827896118164
2021-03-19,17.215986251831055,61.869544982910156
2021-03-22,16.693296432495117,60.670555114746094
2021-03-23,16.38295555114746,59.34980392456055
2021-03-24,16.26861572265625,60.06169891357422
2021-03-25,16.954648971557617,61.00777053833008
2021-03-26,17.150653839111328,61.55105972290039
2021-03-29,16.595294952392578,60.052330017089844
2021-03-30,17.077152252197266,60.66119384765625
2021-03-31,16.872974395751953,61.05461120605469
2021-04-01,17.199649810791016,62.23485565185547
2021-04-05,17.142486572265625,63.83663558959961
2021-04-06,17.215986251831055,63.04043197631836
2021-04-07,17.2486515045166,62.80626678466797
2021-04-08,17.191482543945312,62.60953903198242
2021-04-09,17.338491439819336,63.2933464050293
2021-04-12,17.49366569519043,63.424495697021484
2021-04-13,17.019977569580078,62.384727478027344
2021-04-14,17.338491439819336,63.17156982421875
2021-04-15,17.12615203857422,61.35435485839844
2021-04-16,17.313993453979492,60.64246368408203
2021-04-19,17.06898307800293,61.710304260253906
2021-04-20,16.33395767211914,59.65891647338867
2021-04-21,16.78313446044922,61.260684967041016
2021-04-22,16.5707950592041,60.698665618896484
2021-04-23,16.848474502563477,62.890560150146484
2021-04-26,17.240488052368164,63.480682373046875
2021-04-27,17.338491439819336,65.2323226928711
2021-04-28,17.485496520996094,65.43840789794922
2021-04-29,17.926513671875,67.17130279541016
2021-04-30,17.80400848388672,65.9442367553711
2021-05-03,17.80400848388672,66.45004272460938
2021-05-04,18.22869110107422,65.65385437011719
2021-05-05,18.36752700805664,66.48751068115234
2021-05-06,18.522701263427734,66.99332427978516
2021-05-07,18.694210052490234,67.20878601074219
2021-05-10,18.49820327758789,66.59992980957031
2021-05-11,18.326698303222656,66.15966033935547
2021-05-12,17.87751007080078,64.7452392578125
2021-05-13,18.424699783325195,66.14458465576172
2021-05-14,18.988222122192383,68.79297637939453
2021-05-17,19.110727310180664,68.5582046508789
2021-05-18,18.68604278564453,66.58599090576172
2021-05-19,18.514535903930664,66.87712097167969
2021-05-20,18.39203453063965,66.43572235107422
2021-05-21,18.58803939819336,67.77871704101562
2021-05-24,18.677879333496094,68.19193267822266
2021-05-25,18.343029022216797,67.27155303955078
2021-05-26,18.645204544067383,67.17764282226562
2021-05-27,19.086227416992188,69.3564682006836
2021-05-28,19.1188907623291,69.3564682006836
2021-06-01,19.2903995513916,70.09840393066406
2021-06-02,18.988222122192383,70.37077331542969
2021-06-03,18.860782623291016,71.38507080078125
2021-06-04,18.605907440185547,71.11271667480469
2021-06-07,18.507247924804688,70.18293762207031
2021-06-08,18.367477416992188,70.54920959472656
2021-06-09,18.005718231201172,68.41732025146484
2021-06-10,17.50418472290039,68.20132446289062
2021-06-11,17.69329071044922,69.4222183227539
2021-06-14,17.413745880126953,67.62844848632812
2021-06-15,17.512409210205078,68.12620544433594
2021-06-16,17.59463119506836,69.26255798339844
2021-06-17,16.295583724975586,67.75053405761719
2021-06-18,15.892718315124512,65.58108520507812
2021-06-21,16.328472137451172,68.31403350830078
2021-06-22,16.34491729736328,68.08861541748047
2021-06-23,16.46002197265625,68.45487976074219
2021-06-24,16.7066707611084,68.9244613647461
2021-06-25,16.9368896484375,69.29076385498047
2021-06-28,16.723115921020508,68.8211669921875
2021-06-29,16.492908477783203,68.76483917236328
2021-06-30,16.591571807861328,68.37975311279297
2021-07-01,16.797119140625,69.09349822998047
2021-07-02,16.657344818115234,68.37037658691406
2021-07-06,16.09825897216797,66.46388244628906
2021-07-07,15.974934577941895,65.80648040771484
2021-07-08,15.59673023223877,63.80607986450195
2021-07-09,16.336694717407227,66.2573013305664
2021-07-12,16.468242645263672,67.34668731689453
2021-07-13,16.21336555480957,67.44998931884766
2021-07-14,16.03248405456543,65.92857360839844
2021-07-15,16.221588134765625,66.2573013305664
2021-07-16,15.629619598388672,64.69827270507812
2021-07-19,14.914323806762695,62.62275314331055
2021-07-20,15.547403335571289,63.80607986450195
2021-07-21,15.818719863891602,65.32752227783203
2021-07-22,15.588509559631348,63.158077239990234
2021-07-23,15.70361328125,63.77793502807617
2021-07-26,15.900938034057617,63.90003204345703
2021-07-27,15.942048072814941,63.27077865600586
2021-07-28,15.958488464355469,63.7215690612793
2021-07-29,16.057151794433594,64.39775085449219
2021-07-30,15.826943397521973,63.815467834472656
2021-08-02,15.711838722229004,63.61825942993164
2021-08-03,16.13115119934082,63.3083381652832
2021-08-04,15.851611137390137,63.55253219604492
2021-08-05,16.06537437438965,65.08332824707031
2021-08-06,16.410686492919922,67.55329132080078
2021-08-09,16.353137969970703,68.95264434814453
2021-08-10,16.59979248046875,69.99510192871094
2021-08-11,16.95332908630371,70.25806427001953
2021-08-12,17.09309959411621,71.00179290771484
2021-08-13,16.854665756225586,69.67438507080078
2021-08-16,16.714893341064453,68.96833038330078
2021-08-17,16.394250869750977,68.25283813476562
2021-08-18,16.287364959716797,67.78215026855469
2021-08-19,16.17226219177246,66.89718627929688
2021-08-20,16.468242645263672,67.75389862060547
2021-08-23,16.73133659362793,68.06458282470703
2021-08-24,16.945106506347656,69.80618286132812
2021-08-25,17.208206176757812,70.21099090576172
2021-08-26,16.895774841308594,69.33547973632812
2021-08-27,17.199983596801758,71.39717102050781
2021-08-30,16.723115921020508,69.13778686523438
2021-08-31,16.797119140625,68.58235168457031
2021-09-01,16.550460815429688,68.91185760498047
2021-09-02,16.616792678833008,68.63883209228516
2021-09-03,16.343162536621094,67.86685943603516
2021-09-07,16.318286895751953,67.85745239257812
2021-09-08,16.160743713378906,67.36792755126953
2021-09-09,16.30170440673828,68.09280395507812
2021-09-10,16.16903305053711,67.25495147705078
2021-09-13,16.492420196533203,67.6785888671875
2021-09-14,16.127578735351562,65.6451187133789
2021-09-15,16.417789459228516,66.98193359375
2021-09-16,16.450960159301758,66.63360595703125
2021-09-17,16.44266700744629,66.30412292480469
2021-09-20,15.887116432189941,64.76960754394531
2021-09-21,15.845658302307129,64.43069458007812
2021-09-22,16.18562126159668,66.27587127685547
2021-09-23,16.91530418395996,69.94741821289062
2021-09-24,17.122596740722656,71.16183471679688
2021-09-27,18.042987823486328,72.84695434570312
2021-09-28,17.89373016357422,71.71727752685547
2021-09-29,17.984943389892578,70.96414184570312
2021-09-30,17.66985511779785,68.57292175292969
2021-10-01,18.026405334472656,70.06037139892578
2021-10-04,18.092735290527344,68.94009399414062
2021-10-05,18.117610931396484,71.45366668701172
2021-10-06,17.993234634399414,71.27481842041016
2021-10-07,18.117610931396484,71.91497802734375
2021-10-08,18.258573532104492,72.80931854248047
2021-10-11,18.117610931396484,72.12208557128906
2021-10-12,18.283451080322266,72.743408203125
2021-10-13,18.018110275268555,71.802001953125
2021-10-14,18.341493606567383,73.5342025756836
2021-10-15,18.598541259765625,76.16077423095703
2021-10-18,18.714622497558594,75.83129119873047
2021-10-19,18.921916961669922,76.7632827758789
2021-10-20,19.502344131469727,76.81034851074219
2021-10-21,19.3033447265625,77.4222640991211
2021-10-22,19.974979400634766,78.6555404663086
2021-10-25,20.08277130126953,78.03419494628906
2021-10-26,19.96668815612793,78.1942367553711
2021-10-27,19.377971649169922,76.39612579345703
2021-10-28,19.684770584106445,77.18690490722656
2021-10-29,19.635013580322266,77.22457122802734
2021-11-01,20.02472686767578,77.07393646240234
2021-11-02,19.867185592651367,76.97979736328125
2021-11-03,20.48907470703125,78.44843292236328
2021-11-04,20.124231338500977,76.67855072021484
2021-11-05,20.157400131225586,76.39612579345703
2021-11-08,20.314943313598633,76.89508819580078
2021-11-09,20.182273864746094,76.04779052734375
2021-11-10,20.04131317138672,76.1893310546875
2021-11-11,19.99985694885254,76.80260467529297
2021-11-12,19.858896255493164,77.4725112915039
2021-11-15,20.099355697631836,77.2932357788086
2021-11-16,20.107648849487305,77.189453125
2021-11-17,19.925228118896484,76.82148742675781
2021-11-18,19.81743621826172,77.10455322265625
2021-11-19,19.64330291748047,75.64209747314453
2021-11-22,19.941810607910156,77.2932357788086
2021-11-23,20.38957405090332,78.2556381225586
2021-11-24,20.38127899169922,78.44434356689453
2021-11-26,19.460886001586914,74.6796875
2021-11-29,19.518930435180664,75.5760269165039
2021-11-30,18.86387825012207,73.01908874511719
2021-12-01,18.36636734008789,72.2076644897461
2021-12-02,18.909503936767578,75.59490966796875
2021-12-03,18.299518585205078,74.03809356689453
2021-12-06,18.750743865966797,75.83080291748047
2021-12-07,19.110050201416016,76.71768951416016
2021-12-08,18.91786003112793,76.6139144897461
2021-12-09,18.62540054321289,76.10440063476562
2021-12-10,18.57526969909668,76.24592590332031
2021-12-13,17.92350196838379,74.89669799804688
2021-12-14,18.241025924682617,76.22705841064453
2021-12-15,18.274450302124023,76.99131774902344
2021-12-16,18.34965705871582,79.15198516845703
2021-12-17,17.773099899291992,78.26508331298828
2021-12-20,17.288448333740234,76.12326049804688
2021-12-21,17.814876556396484,78.49152374267578
2021-12-22,17.831588745117188,79.61431121826172
2021-12-23,17.98199462890625,80.32194519042969
2021-12-27,18.291160583496094,80.97296905517578
2021-12-28,18.257741928100586,80.67103576660156
2021-12-29,18.257741928100586,80.16154479980469
2021-12-30,18.274450302124023,79.70866394042969
2021-12-31,18.215961456298828,79.35012817382812
2022-01-03,18.942928314208984,80.91636657714844
2022-01-04,19.786876678466797,84.87915802001953
2022-01-05,19.594690322875977,84.265869140625
2022-01-06,20.547269821166992,85.61510467529297
2022-01-07,20.99013328552246,86.55862426757812
2022-01-10,20.77288055419922,86.47370147705078
2022-01-11,20.605762481689453,88.60606384277344
2022-01-12,20.706031799316406,89.46467590332031
2022-01-13,20.914928436279297,88.10598754882812
2022-01-14,21.23245620727539,90.13456726074219
2022-01-18,20.73110008239746,86.95491027832031
2022-01-19,19.761808395385742,86.34162139892578
2022-01-20,18.734027862548828,86.2661361694336
2022-01-21,18.466636657714844,84.16207885742188
2022-01-24,19.193607330322266,83.69975280761719
2022-01-25,19.402503967285156,83.52991485595703
2022-01-26,19.57798194885254,84.92633819580078
2022-01-27,19.143468856811523,84.63382720947266
2022-01-28,19.302236557006836,83.8884506225586
2022-01-31,19.168537139892578,82.7468032836914
2022-02-01,19.72003173828125,84.97349548339844
2022-02-02,19.87879180908203,85.25655364990234
2022-02-03,19.703319549560547,83.86956787109375
2022-02-04,20.263164520263672,86.7095947265625
2022-02-07,20.446996688842773,87.87955474853516
2022-02-08,20.965065002441406,89.59674835205078
2022-02-09,20.764522552490234,89.18161010742188
2022-02-10,20.82301139831543,87.79168701171875
2022-02-11,20.747812271118164,84.25543212890625
2022-02-14,20.488779067993164,82.96007537841797
2022-02-15,21.132183074951172,84.7565689086914
2022-02-16,21.090404510498047,84.46345520019531
2022-02-17,19.9707088470459,81.33377075195312
2022-02-18,19.803590774536133,80.94610595703125
2022-02-22,19.953998565673828,79.96277618408203
2022-02-23,19.569622039794922,78.05281066894531
2022-02-24,19.2855224609375,77.78807830810547
2022-02-25,20.29659080505371,81.0784912109375
2022-02-28,20.213027954101562,79.8587646484375
2022-03-01,18.474998474121094,73.61833190917969
2022-03-02,19.527847290039062,77.35313415527344
2022-03-03,19.57798194885254,76.31304931640625
2022-03-04,18.892789840698242,74.91368865966797
2022-03-07,17.764741897583008,72.20003509521484
2022-03-08,17.881723403930664,71.56654357910156
2022-03-09,18.759098052978516,75.06497192382812
2022-03-10,18.52334213256836,75.31080627441406
2022-03-11,18.447568893432617,75.86866760253906
2022-03-14,19.129568099975586,78.72415161132812
2022-03-15,19.188501358032227,78.63903045654297
2022-03-16,19.81998062133789,84.09469604492188
2022-03-17,19.592649459838867,84.8889389038086
2022-03-18,19.323217391967773,85.09693145751953
2022-03-21,19.180082321166992,84.160888671875
2022-03-22,19.727365493774414,87.1771011352539
2022-03-23,19.11272621154785,84.86058044433594
2022-03-24,19.281116485595703,85.9762954711914
2022-03-25,19.73578643798828,86.38286590576172
2022-03-28,19.39057731628418,86.79891204833984
2022-03-29,19.558975219726562,86.25049591064453
2022-03-30,19.07062530517578,83.92452239990234
2022-03-31,18.742258071899414,79.71693420410156
2022-04-01,18.07710075378418,78.98889923095703
2022-04-04,18.07710075378418,77.81644439697266
2022-04-05,17.950803756713867,77.40039825439453
2022-04-06,17.529821395874023,76.46434020996094
2022-04-07,17.193031311035156,75.67010498046875
2022-04-08,17.470884323120117,77.23967742919922
2022-04-11,17.799253463745117,77.13566589355469
2022-04-12,17.529821395874023,75.70790100097656
2022-04-13,17.6224365234375,79.26307678222656
2022-04-14,17.45404052734375,78.24191284179688
2022-04-18,17.614017486572266,70.85741424560547
2022-04-19,18.253915786743164,72.71062469482422
2022-04-20,18.498085021972656,72.2851333618164
2022-04-21,18.136037826538086,69.27835845947266
2022-04-22,17.992900848388672,66.48908996582031
2022-04-25,18.186559677124023,66.47962951660156
2022-04-26,17.69821548461914,64.80606079101562
2022-04-27,17.908710479736328,64.8438949584961
2022-04-28,17.967647552490234,65.3544692993164
2022-04-29,17.445619583129883,62.71644973754883
2022-05-02,17.731889724731445,64.19146728515625
2022-05-03,18.144458770751953,65.67593383789062
2022-05-04,18.565444946289062,67.47244262695312
2022-05-05,18.06026268005371,66.04469299316406
2022-05-06,17.78240966796875,63.7470817565918
2022-05-09,17.319326400756836,60.63631057739258
2022-05-10,16.999380111694336,61.061798095703125
2022-05-11,16.856243133544922,61.57236862182617
2022-05-12,16.687849044799805,61.60082244873047
2022-05-13,16.738367080688477,62.22679138183594
2022-05-16,16.603654861450195,60.737754821777344
2022-05-17,17.378265380859375,61.837928771972656
2022-05-18,16.78046417236328,60.00746154785156
2022-05-19,16.856243133544922,59.428916931152344
2022-05-20,16.9656982421875,60.01694107055664
2022-05-23,17.445619583129883,61.904327392578125
2022-05-24,17.20145606994629,60.64291763305664
2022-05-25,17.82451057434082,62.4069938659668
2022-05-26,18.19497299194336,65.27127075195312
2022-05-27,18.422311782836914,66.94998931884766
2022-05-31,18.599124908447266,66.48526000976562
2022-06-01,18.19497299194336,65.98258972167969
2022-06-02,18.576868057250977,67.97430419921875
2022-06-03,18.45805549621582,66.45680236816406
2022-06-06,18.483516693115234,64.55046081542969
2022-06-07,18.670217514038086,64.00985717773438
2022-06-08,18.500490188598633,62.340614318847656
2022-06-09,17.897951126098633,60.93692398071289
2022-06-10,17.09173583984375,59.01161193847656
2022-06-13,16.4976806640625,57.13370132446289
2022-06-14,16.421306610107422,57.958839416503906
2022-06-15,16.446765899658203,58.338218688964844
2022-06-16,15.742390632629395,57.72173309326172
2022-06-17,15.869688034057617,56.8965950012207
2022-06-21,16.200660705566406,59.163352966308594
2022-06-22,16.183685302734375,59.22025680541992
2022-06-23,15.632063865661621,58.831398010253906
2022-06-24,16.540117263793945,61.107643127441406
2022-06-27,16.421306610107422,60.84208679199219
2022-06-28,16.489200592041016,60.861053466796875
2022-06-29,16.32795524597168,60.33940505981445
2022-06-30,15.912117004394531,59.92209243774414
2022-07-01,16.149738311767578,60.623939514160156
2022-07-05,15.996981620788574,60.12126922607422
2022-07-06,15.750874519348145,60.1686897277832
2022-07-07,16.158226013183594,60.927433013916016
2022-07-08,16.141250610351562,61.0412483215332
2022-07-11,16.166711807250977,59.69447326660156
2022-07-12,16.098819732666016,59.0400505065918
2022-07-13,15.818765640258789,58.37615203857422
2022-07-14,15.4793062210083,57.446678161621094
2022-07-15,16.285524368286133,58.973663330078125
2022-07-18,16.514659881591797,58.08214569091797
2022-07-19,17.00687026977539,59.94106674194336
2022-07-20,17.20206069946289,59.590152740478516
2022-07-21,17.28692626953125,59.87467956542969
2022-07-22,17.52454376220703,59.74190139770508
2022-07-25,18.067684173583984,60.377349853515625
2022-07-26,17.499086380004883,58.0157470703125
2022-07-27,17.965843200683594,59.28664779663086
2022-07-28,17.75368309020996,64.20902252197266
2022-07-29,17.974334716796875,65.4894027709961
2022-08-01,17.92340850830078,65.17643737792969
2022-08-02,17.67729949951172,64.0667724609375
2022-08-03,17.94887351989746,65.42303466796875
2022-08-04,17.83854866027832,65.4419937133789
2022-08-05,18.11859703063965,65.73600006103516
2022-08-08,18.04222297668457,64.92034912109375
2022-08-09,18.211946487426758,65.47994232177734
2022-08-10,18.85692024230957,66.33351135253906
2022-08-11,19.213350296020508,69.04508209228516
2022-08-12,19.484922409057617,71.35704803466797
2022-08-15,19.442487716674805,72.17528533935547
2022-08-16,19.663135528564453,73.43116760253906
2022-08-17,19.38308334350586,71.79471588134766
2022-08-18,19.484922409057617,72.07062530517578
2022-08-19,19.17940902709961,70.2724380493164
2022-08-22,18.763568878173828,69.02605438232422
2022-08-23,18.7126522064209,69.25440216064453
2022-08-24,18.772058486938477,69.75865173339844
2022-08-25,19.111513137817383,70.4056167602539
2022-08-26,18.64476203918457,68.39811706542969
2022-08-29,18.44957160949707,68.44568634033203
2022-08-30,18.407140731811523,68.97848510742188
2022-08-31,18.39016342163086,67.50377655029297
2022-09-01,18.31307601928711,68.23637390136719
2022-09-02,18.2274227142334,66.92339324951172
2022-09-06,17.99615478515625,67.04708862304688
2022-09-07,18.458690643310547,68.30297088623047
2022-09-08,19.024015426635742,69.6064224243164
2022-09-09,19.024015426635742,70.91940307617188
2022-09-12,19.23815155029297,71.28092956542969
2022-09-13,18.57004165649414,69.40662384033203
2022-09-14,18.95549201965332,69.21633911132812
2022-09-15,19.22102165222168,69.05460357666016
2022-09-16,18.7841796875,68.37908172607422
2022-09-19,19.04970932006836,70.12970733642578
2022-09-20,19.006885528564453,69.78720092773438
2022-09-21,18.732789993286133,69.36858367919922
2022-09-22,18.25312042236328,68.55985260009766
2022-09-23,17.884798049926758,67.44670104980469
2022-09-26,17.722057342529297,67.44670104980469
2022-09-27,17.482223510742188,68.15074920654297
2022-09-28,17.52505111694336,69.69205474853516
2022-09-29,17.019681930541992,69.11167907714844
2022-09-30,17.190996170043945,68.37908172607422
2022-10-03,17.57644271850586,69.65399932861328
2022-10-04,18.330211639404297,72.51780700683594
2022-10-05,18.133201599121094,72.24188995361328
2022-10-06,17.824844360351562,72.2989730834961
2022-10-07,17.5164852142334,70.70057678222656
2022-10-10,17.353736877441406,69.98699951171875
2022-10-11,17.036813735961914,68.22686767578125
2022-10-12,16.788414001464844,68.39811706542969
2022-10-13,17.884798049926758,70.47223663330078
2022-10-14,17.713491439819336,65.62946319580078
2022-10-17,18.20172691345215,64.15475463867188
2022-10-18,18.552915573120117,65.2774429321289
2022-10-19,17.901931762695312,65.37257385253906
2022-10-20,16.90833282470703,64.69706726074219
2022-10-21,16.71988868713379,66.90436553955078
2022-10-24,17.602140426635742,67.26591491699219
2022-10-25,18.18459129333496,68.94043731689453
2022-10-26,18.23598861694336,69.40662384033203
2022-10-27,18.458690643310547,73.57388305664062
2022-10-28,18.71565818786621,76.29496002197266
2022-10-31,18.801311492919922,75.80022430419922
2022-11-01,19.101102828979492,76.00952911376953
2022-11-02,18.71565818786621,75.0961685180664
2022-11-03,18.8355770111084,75.11518096923828
2022-11-04,19.23815155029297,75.21034240722656
2022-11-07,19.5465087890625,75.78118133544922
2022-11-08,19.555076599121094,75.76216125488281
2022-11-09,19.23815155029297,74.67452239990234
2022-11-10,19.940526962280273,74.95121765136719
2022-11-11,20.0518741607666,74.76041412353516
2022-11-14,19.623600006103516,72.95722961425781
2022-11-15,19.812042236328125,74.70317077636719
2022-11-16,19.43515968322754,73.85403442382812
2022-11-17,19.143936157226562,74.321533203125
2022-11-18,19.263851165771484,76.14379119873047
2022-11-21,19.280977249145508,76.3250503540039
2022-11-22,19.409461975097656,77.5271987915039
2022-11-23,19.477985382080078,77.6702880859375
2022-11-25,19.589340209960938,77.8611068725586
2022-11-28,19.306676864624023,76.16287231445312
2022-11-29,19.623600006103516,76.6971435546875
2022-11-30,19.880563735961914,78.74838256835938
2022-12-01,19.69213104248047,77.97559356689453
2022-12-02,19.837738037109375,78.67205810546875
2022-12-05,18.827011108398438,77.50809478759766
2022-12-06,18.50152015686035,76.8879623413086
2022-12-07,18.665786743164062,76.5063247680664
2022-12-08,19.072126388549805,76.56358337402344
2022-12-09,19.03754234313965,76.1533203125
2022-12-12,19.357431411743164,76.60173797607422
2022-12-13,18.7176570892334,74.17842102050781
2022-12-14,18.259441375732422,73.7681655883789
2022-12-15,18.000076293945312,73.52012634277344
2022-12-16,17.792585372924805,74.59821319580078
2022-12-19,17.80987548828125,74.66500091552734
2022-12-20,17.90497398376465,75.90526580810547
2022-12-21,18.190277099609375,77.51765441894531
2022-12-22,18.2248592376709,77.08831787109375
2022-12-23,18.345897674560547,78.01374053955078
2022-12-27,18.53609848022461,78.4430923461914
2022-12-28,18.371837615966797,78.56710052490234
2022-12-29,18.691722869873047,78.86286926269531
2022-12-30,18.639846801757812,79.43531799316406
2023-01-03,18.562040328979492,78.17596435546875
2023-01-04,18.942440032958984,79.52117156982422
2023-01-05,18.73494529724121,79.2922134399414
2023-01-06,19.357431411743164,80.65650939941406
2023-01-09,19.09806251525879,81.50563049316406
2023-01-10,19.046188354492188,81.68689727783203
2023-01-11,19.132646560668945,79.58795928955078
2023-01-12,19.331493377685547,79.64521789550781
2023-01-13,19.392011642456055,79.16817474365234
2023-01-17,19.392011642456055,79.65474700927734
2023-01-18,18.86463165283203,77.64167022705078
2023-01-19,18.752243041992188,72.81411743164062
2023-01-20,19.616796493530273,73.49149322509766
2023-01-23,19.850229263305664,74.15934753417969
2023-01-24,19.737834930419922,75.60952758789062
2023-01-25,19.798349380493164,75.57135772705078
2023-01-26,20.057723999023438,74.46465301513672
2023-01-27,20.23063087463379,71.25898742675781
2023-01-30,20.057723999023438,72.03176879882812
2023-01-31,20.351669311523438,73.86357879638672
2023-02-01,20.559165954589844,74.65546417236328
2023-02-02,20.706140518188477,73.10034942626953
2023-02-03,20.749366760253906,75.39007568359375
2023-02-06,20.481353759765625,76.19149017333984
2023-02-07,20.636974334716797,77.46038818359375
2023-02-08,20.61968231201172,76.90702819824219
2023-02-09,20.3430233001709,76.16056060791016
2023-02-10,20.464065551757812,77.00273895263672
2023-02-13,20.66291046142578,76.96446228027344
2023-02-14,20.61968231201172,77.29940795898438
2023-02-15,20.66291046142578,77.02189636230469
2023-02-16,20.45541763305664,76.88790130615234
2023-02-17,20.628326416015625,76.86875915527344
2023-02-21,20.049074172973633,76.46681213378906
2023-02-22,19.91939353942871,76.5625
2023-02-23,19.89345359802246,75.57676696777344
2023-02-24,20.031784057617188,77.13671875
2023-02-27,20.118240356445312,74.53360748291016
2023-02-28,20.161466598510742,74.57188415527344
2023-03-01,20.196054458618164,74.08380126953125
2023-03-02,19.78970718383789,72.82052612304688
2023-03-03,20.187406539916992,74.08380126953125
2023-03-06,20.152822494506836,73.30860900878906
2023-03-07,19.366073608398438,71.72949981689453
2023-03-08,18.812761306762695,72.92578125
2023-03-09,18.027437210083008,63.61387252807617
2023-03-10,17.695859909057617,56.17774963378906
2023-03-13,16.448074340820312,49.67949676513672
2023-03-14,16.544057846069336,54.244529724121094
2023-03-15,15.400982856750488,56.99121856689453
2023-03-16,16.2386531829834,55.392982482910156
2023-03-17,15.610403060913086,53.986141204833984
2023-03-20,15.776192665100098,53.69903564453125
2023-03-21,16.56151008605957,56.91465759277344
2023-03-22,15.54931926727295,53.84257888793945
2023-03-23,15.296276092529297,50.61738586425781
2023-03-24,15.601676940917969,50.97148513793945
2023-03-27,15.933255195617676,52.502742767333984
2023-03-28,15.976886749267578,51.5361442565918
2023-03-29,16.282285690307617,52.83770751953125
2023-03-30,15.994338035583496,50.215431213378906
2023-03-31,16.195024490356445,50.129302978515625
2023-04-03,16.212478637695312,49.354103088378906
2023-04-04,15.976886749267578,47.85157012939453
2023-04-05,15.959434509277344,46.77012634277344
2023-04-06,16.0205135345459,47.2295036315918
2023-04-10,16.06414222717285,49.497657775878906
2023-04-11,16.142675399780273,49.48808670043945
2023-04-12,15.994338035583496,49.689064025878906
2023-04-13,16.046688079833984,49.27754592895508
2023-04-14,16.151399612426758,48.58848190307617
2023-04-17,16.526607513427734,50.50254440307617
2023-04-18,16.317188262939453,51.67969512939453
2023-04-19,16.770925521850586,53.1630859375
2023-04-20,16.48297691345215,51.67969512939453
2023-04-21,16.0205135345459,51.48828887939453
2023-04-24,15.968156814575195,50.83750534057617
2023-04-25,15.540594100952148,48.837310791015625
2023-04-26,15.462065696716309,48.42578125
2023-04-27,15.706384658813477,49.507232666015625
2023-04-28,15.933255195617676,49.995323181152344
2023-05-01,15.566770553588867,49.58378982543945
2023-05-02,14.52840518951416,47.94727325439453
2023-05-03,14.231729507446289,45.966217041015625
2023-05-04,13.743087768554688,45.33457565307617
2023-05-05,14.432421684265137,47.12422561645508
2023-05-08,14.310259819030762,45.58340072631836
2023-05-09,14.223003387451172,45.88007736206055
2023-05-10,14.03976058959961,45.506839752197266
2023-05-11,13.54239559173584,45.9205436706543
2023-05-12,13.73436164855957,47.08466720581055
2023-05-15,14.100841522216797,49.00885009765625
2023-05-16,13.856521606445312,48.191078186035156
2023-05-17,14.711647987365723,49.85548782348633
2023-05-18,14.825081825256348,49.78813552856445
2023-05-19,14.711647987365723,49.7111701965332
2023-05-22,15.278824806213379,49.99979782104492
2023-05-23,15.418436050415039,50.78871536254883
2023-05-24,15.209015846252441,50.105628967285156
2023-05-25,15.165387153625488,52.183746337890625
2023-05-26,15.51441764831543,51.635353088378906
2023-05-30,15.610403060913086,51.79890823364258
2023-05-31,15.069405555725098,50.69249725341797
2023-06-01,15.32541275024414,50.702125549316406
2023-06-02,15.943374633789062,52.30881881713867
2023-06-05,15.713850021362305,52.34729766845703
2023-06-06,16.164079666137695,52.53971862792969
2023-06-07,16.49071502685547,53.52104568481445
2023-06-08,16.384775161743164,52.943790435791016
2023-06-09,16.30532455444336,52.91493225097656
2023-06-12,16.09345054626465,51.923980712890625
2023-06-13,16.287668228149414,52.67440414428711
2023-06-14,15.899234771728516,52.28956604003906
2023-06-15,16.172901153564453,53.40559768676758
2023-06-16,15.996346473693848,52.337677001953125
2023-06-20,15.775642395019531,51.885498046875
2023-06-21,15.616738319396973,51.923980712890625
2023-06-22,15.140026092529297,51.19279098510742
2023-06-23,14.963469505310059,51.154300689697266
2023-06-26,15.290104866027832,51.38520812988281
2023-06-27,15.466665267944336,53.126590728759766
2023-06-28,15.334247589111328,53.66536331176758
2023-06-29,15.616738319396973,54.973812103271484
2023-06-30,15.731502532958984,54.5312385559082
2023-07-03,16.14641761779785,55.53181838989258
2023-07-05,16.005170822143555,54.54086685180664
2023-07-06,15.749157905578613,53.83853530883789
2023-07-07,16.181732177734375,54.6370735168457
2023-07-10,16.29649543762207,55.63764953613281
2023-07-11,16.517194747924805,55.397125244140625
2023-07-12,16.67609977722168,56.19565963745117
2023-07-13,16.985082626342773,57.65802764892578
2023-07-14,16.72907066345215,56.301490783691406
2023-07-17,16.949769973754883,56.41693878173828
2023-07-18,17.338199615478516,63.50753402709961
2023-07-19,17.673664093017578,63.53639602661133
2023-07-20,17.964988708496094,65.36438751220703
2023-07-21,17.408824920654297,63.959720611572266
2023-07-24,17.656005859375,64.03667449951172
2023-07-25,17.603042602539062,62.95914077758789
2023-07-26,17.859054565429688,64.09441375732422
2023-07-27,17.620695114135742,63.32474136352539
2023-07-28,17.876708984375,63.45942306518555
2023-07-31,17.98264503479004,63.59412384033203
2023-08-01,17.964988708496094,63.22853088378906
2023-08-02,17.885536193847656,62.862937927246094
2023-08-03,18.097408294677734,63.37284469604492
2023-08-04,18.194515228271484,62.4588623046875
2023-08-07,18.521150588989258,63.46905517578125
2023-08-08,18.450531005859375,63.03611755371094
2023-08-09,18.194515228271484,62.81483459472656
2023-08-10,18.26514434814453,62.331939697265625
2023-08-11,18.203350067138672,61.88767623901367
2023-08-14,17.912019729614258,59.66636276245117
2023-08-15,17.426483154296875,58.88407897949219
2023-08-16,17.205781936645508,58.38187026977539
2023-08-17,17.302888870239258,57.72513198852539
2023-08-18,17.24991798400879,57.48368835449219
2023-08-21,17.117496490478516,57.367794036865234
2023-08-22,16.26118278503418,54.52836990356445
2023-08-23,16.596647262573242,56.035003662109375
2023-08-24,16.570165634155273,55.86115646362305
2023-08-25,16.36712074279785,56.16055679321289
2023-08-28,16.570165634155273,57.02975845336914
2023-08-29,16.658447265625,57.416080474853516
2023-08-30,16.402429580688477,57.73478698730469
2023-08-31,16.402433395385742,57.126346588134766
2023-09-01,16.59918785095215,58.43016052246094
2023-09-05,16.47397804260254,57.638214111328125
2023-09-06,16.196731567382812,56.27645492553711
2023-09-07,15.910540580749512,55.84184265136719
2023-09-08,16.02680206298828,57.30018615722656
2023-09-11,16.07151985168457,57.7734260559082
2023-09-12,16.268278121948242,58.4494743347168
2023-09-13,15.973142623901367,56.7207145690918
2023-09-14,16.080463409423828,57.715476989746094
2023-09-15,16.062578201293945,56.2281608581543
2023-09-18,15.919483184814453,55.88047790527344
2023-09-19,16.04469108581543,55.75492477416992
2023-09-20,15.928421974182129,54.73119354248047
2023-09-21,15.57962703704834,54.09377670288086
2023-09-22,15.257660865783691,53.26319122314453
2023-09-25,15.472305297851562,53.45634841918945
2023-09-26,15.087735176086426,52.345699310302734
2023-09-27,15.150337219238281,52.519535064697266
2023-09-28,15.23977279663086,52.683719635009766
2023-09-29,15.382871627807617,53.02174377441406
2023-10-02,14.774710655212402,51.71793746948242
2023-10-03,14.649499893188477,49.5449104309082
2023-10-04,14.685275077819824,49.65114212036133
2023-10-05,14.810482025146484,49.31312561035156
2023-10-06,14.774710655212402,49.75738525390625
2023-10-09,14.676328659057617,49.97951126098633
2023-10-10,14.819424629211426,50.00848388671875
2023-10-11,14.747878074645996,50.13404083251953
2023-10-12,14.569009780883789,49.74772262573242
2023-10-13,14.33647632598877,49.57388687133789
2023-10-16,14.792595863342285,51.882118225097656
2023-10-17,15.016185760498047,51.8531379699707
2023-10-18,14.792595863342285,50.06643295288086
2023-10-19,14.738935470581055,50.124385833740234
2023-10-20,12.91445541381836,49.12961959838867
2023-10-23,12.690866470336914,47.642311096191406
2023-10-24,12.672981262207031,48.12520217895508
2023-10-25,12.574601173400879,47.680938720703125
2023-10-26,12.905512809753418,49.67046356201172
2023-10-27,12.529884338378906,48.4052848815918
2023-10-30,12.717698097229004,49.01372528076172
2023-10-31,12.994946479797363,50.25959396362305
2023-11-01,13.003889083862305,51.01291275024414
2023-11-02,13.799864768981934,53.050724029541016
2023-11-03,14.07711410522461,53.9199333190918
2023-11-06,13.844582557678223,53.717105865478516
2023-11-07,13.737260818481445,53.3404541015625
2023-11-08,13.638880729675293,53.02174377441406
2023-11-09,13.43317985534668,52.54634475708008
2023-11-10,13.522614479064941,52.78889846801758
2023-11-13,13.40634822845459,52.352298736572266
2023-11-14,14.23809814453125,53.15757369995117
2023-11-15,14.488517761230469,54.409141540527344
2023-11-16,14.381195068359375,54.0113525390625
2023-11-17,14.676328659057617,55.08828353881836
2023-11-20,14.577949523925781,54.874839782714844
2023-11-21,14.273871421813965,54.32182693481445
2023-11-22,14.345420837402344,54.26361083984375
2023-11-24,14.354363441467285,54.748714447021484
2023-11-27,14.282814979553223,54.33151626586914
2023-11-28,14.309647560119629,54.14719009399414
2023-11-29,14.729992866516113,57.83396911621094
2023-11-30,14.917806625366211,59.493019104003906
2023-12-01,15.713778495788574,61.2781982421875
2023-12-04,15.776386260986328,60.7736930847168
2023-12-05,15.203999519348145,60.37590789794922
2023-12-06,15.293435096740723,60.30799102783203
2023-12-07,15.647196769714355,61.08415222167969
2023-12-08,15.819541931152344,62.16109085083008
2023-12-11,15.84675407409668,62.112571716308594
2023-12-12,15.656267166137695,62.646183013916016
2023-12-13,16.418216705322266,64.32463836669922
2023-12-14,17.778844833374023,68.8263931274414
2023-12-15,17.715351104736328,68.86519622802734
2023-12-18,17.352514266967773,67.24496459960938
2023-12-19,17.561145782470703,67.66215515136719
2023-12-20,17.207382202148438,65.12020874023438
2023-12-21,17.36158561706543,66.14863586425781
2023-12-22,17.479507446289062,66.5367202758789
2023-12-26,17.751632690429688,66.89567565917969
2023-12-27,17.72441864013672,67.20614624023438
2023-12-28,17.733488082885742,67.47782135009766
2023-12-29,17.57928466796875,66.75016784667969
2024-01-02,17.68813705444336,67.04121398925781
2024-01-03,17.05317497253418,65.05229187011719
2024-01-04,17.207382202148438,64.89705657958984
2024-01-05,17.588356018066406,65.2269515991211
2024-01-08,17.697208404541016,65.77994537353516
2024-01-09,17.343442916870117,64.76123046875
2024-01-10,17.16202735900879,63.858951568603516
2024-01-11,16.84455108642578,63.315635681152344
2024-01-12,16.58149528503418,63.286521911621094
2024-01-16,16.282155990600586,62.39392852783203
2024-01-17,16.273086547851562,61.55955505371094
2024-01-18,16.282155990600586,60.8513069152832
2024-01-19,16.88990020751953,61.879722595214844
2024-01-22,17.298091888427734,61.73419189453125
2024-01-23,17.207382202148438,62.01555633544922
2024-01-24,17.461368560791016,61.58866500854492
2024-01-25,17.352514266967773,61.81180953979492
2024-01-26,17.370655059814453,62.131980895996094
2024-01-29,17.597429275512695,62.03496170043945
2024-01-30,17.669992446899414,62.46184539794922
2024-01-31,16.935256958007812,61.04534912109375
2024-02-01,16.527069091796875,60.41471481323242
2024-02-02,16.599634170532227,61.06475830078125
2024-02-05,16.29122543334961,60.51173400878906
2024-02-06,16.200519561767578,60.0460319519043
2024-02-07,16.1823787689209,60.5699462890625
2024-02-08,16.227731704711914,60.85243606567383
2024-02-09,16.3275089263916,61.7291374206543
2024-02-12,16.744766235351562,62.829872131347656
2024-02-13,16.227731704711914,61.086219787597656
2024-02-14,16.590564727783203,61.39793395996094
2024-02-15,16.826406478881836,62.956504821777344
2024-02-16,16.762908935546875,62.73246383666992
2024-02-20,16.70848846435547,61.93370056152344
2024-02-21,16.626848220825195,62.46944808959961
2024-02-22,16.5361385345459,62.956504821777344
2024-02-23,16.58149528503418,62.77142333984375
2024-02-26,16.5361385345459,62.73246383666992
2024-02-27,16.853620529174805,63.65786361694336
2024-02-28,16.84455108642578,63.95009231567383
2024-02-29,17.120235443115234,65.05082702636719
2024-03-01,17.083478927612305,64.74887084960938
2024-03-04,17.47863006591797,65.8885726928711
2024-03-05,17.91054344177246,66.33666229248047
2024-03-06,17.75432014465332,66.33666229248047
2024-03-07,17.965679168701172,66.42432403564453
2024-03-08,18.09433364868164,65.43072509765625
2024-03-11,17.984058380126953,65.21643829345703
2024-03-12,17.781888961791992,64.77809143066406
2024-03-13,17.827836990356445,65.39176940917969
2024-03-14,17.35916519165039,64.87549591064453
2024-03-15,17.50619888305664,65.30409240722656
2024-03-18,17.62566566467285,65.65477752685547
2024-03-19,17.75432014465332,66.58019256591797
2024-03-20,18.16785430908203,67.86600494384766
2024-03-21,18.517057418823242,69.98956298828125
2024-03-22,18.250558853149414,69.74603271484375
2024-03-25,18.333263397216797,69.48302459716797
2024-03-26,18.296506881713867,69.16157531738281
2024-03-27,19.004106521606445,70.50582885742188
2024-03-28,19.33493423461914,70.46686553955078
2024-04-01,18.893829345703125,70.49609375
2024-04-02,18.710041046142578,69.60965728759766
2024-04-03,18.590574264526367,69.57068634033203
2024-04-04,18.434350967407227,69.50250244140625
2024-04-05,18.517057418823242,70.02852630615234
2024-04-08,18.746795654296875,70.49609375
2024-04-09,19.013294219970703,70.40841674804688
2024-04-10,18.085145950317383,69.25897979736328
2024-04-11,17.837024688720703,68.79141235351562
2024-04-12,17.63485336303711,68.2166748046875
2024-04-15,17.662424087524414,69.38561248779297
2024-04-16,17.2856502532959,71.17797088623047
2024-04-17,17.33159637451172,70.62272644042969
2024-04-18,17.460250854492188,71.04158782958984
2024-04-19,17.368356704711914,71.51889038085938
2024-04-22,17.62566566467285,72.337158203125
2024-04-23,17.781888961791992,73.28202819824219
2024-04-24,18.16785430908203,73.24308776855469
2024-04-25,18.02081871032715,72.95084381103516
2024-04-26,18.030010223388672,73.04824829101562
2024-04-29,18.075956344604492,72.6293716430664
2024-04-30,17.708372116088867,72.0351791381836
2024-05-01,17.984058380126953,72.63912963867188
2024-05-02,18.048385620117188,73.37944793701172
2024-05-03,18.19542121887207,74.07107543945312
2024-05-06,18.222986221313477,74.86984252929688
2024-05-07,18.057573318481445,73.5840072631836
2024-05-08,18.140283584594727,74.42174530029297
2024-05-09,18.17704200744629,73.72785949707031
2024-05-10,18.222986221313477,74.38265228271484
2024-05-13,18.31488609313965,73.00464630126953
2024-05-14,18.471111297607422,75.32086944580078
2024-05-15,18.61814308166504,76.89432525634766
2024-05-16,18.471111297607422,76.26884460449219
2024-05-17,18.54462432861328,76.99205780029297
2024-05-20,18.268936157226562,76.8747787475586
2024-05-21,18.278125762939453,77.10932159423828
2024-05-22,17.90135383605957,73.56171417236328
2024-05-23,17.386735916137695,70.69820404052734
2024-05-24,17.570526123046875,70.62979125976562
2024-05-28,17.5153865814209,69.18338775634766
2024-05-29,17.129423141479492,68.92929077148438
2024-05-30,17.460250854492188,70.24864196777344
2024-05-31,17.781888961791992,71.61687469482422
2024-06-03,17.605093002319336,70.72753143310547
2024-06-04,17.363161087036133,70.35615539550781
2024-06-05,17.42829704284668,72.70169067382812
2024-06-06,17.34454917907715,72.56485748291016
2024-06-07,17.307331085205078,72.25212860107422
2024-06-10,16.925825119018555,72.42804718017578
2024-06-11,16.925825119018555,71.78302001953125
2024-06-12,17.391077041625977,71.89051818847656
2024-06-13,17.44690704345703,71.72437286376953
2024-06-14,17.353857040405273,71.58756256103516
2024-06-17,17.58648109436035,71.15754699707031
2024-06-18,17.66092300415039,71.18685913085938
2024-06-20,17.59578514099121,71.05003356933594
2024-06-21,17.61440086364746,71.6755142211914
2024-06-24,17.967985153198242,72.83850860595703
2024-06-25,17.69814109802246,72.2228012084961
2024-06-26,17.56787109375,71.59732818603516
2024-06-27,17.865631103515625,71.89051818847656
2024-06-28,18.647254943847656,72.01756286621094
2024-07-01,18.516984939575195,71.75369262695312
2024-07-02,18.69377899169922,72.46713256835938
2024-07-03,18.507678985595703,72.44758605957031
2024-07-05,18.154088973999023,71.53868865966797
2024-07-08,18.414628982543945,71.57778930664062
2024-07-09,18.71238899230957,72.83850860595703
2024-07-10,18.786828994750977,72.93624114990234
2024-07-11,19.270689010620117,74.35333251953125
2024-07-12,19.047367095947266,73.66921997070312
2024-07-15,19.540536880493164,73.36624145507812
2024-07-16,20.257022857666016,65.89965057373047
2024-07-17,20.573394775390625,62.352027893066406
2024-07-18,20.55478286743164,60.856754302978516
2024-07-19,20.55478286743164,60.67107009887695
2024-07-22,20.833932876586914,63.28047561645508
2024-07-23,20.833932876586914,63.66162872314453
2024-07-24,20.573394775390625,62.625675201416016
2024-07-25,20.982810974121094,64.73664855957031
2024-07-26,21.178218841552734,65.0884780883789
2024-07-29,20.871150970458984,63.81798553466797
2024-07-30,21.15030288696289,63.43684005737305
2024-07-31,20.815322875976562,63.71049118041992
2024-08-01,20.04300880432129,62.26408004760742
2024-08-02,19.42887306213379,61.951332092285156
2024-08-05,18.991540908813477,60.87629699707031
2024-08-06,19.252079010009766,61.37472915649414
2024-08-07,19.065982818603516,60.80788803100586
2024-08-08,19.38235092163086,61.35517501831055
2024-08-09,19.2893009185791,61.237430572509766
2024-08-12,19.30790901184082,60.60946273803711
2024-08-13,19.438180923461914,61.31593704223633
2024-08-14,19.438180923461914,64.13201141357422
2024-08-15,19.661500930786133,64.00444793701172
2024-08-16,20.005786895751953,64.31844329833984
2024-08-19,20.24771499633789,64.34788513183594
2024-08-20,20.32215690612793,63.62177276611328
2024-08-21,20.275634765625,63.35685348510742
2024-08-22,20.619916915893555,63.06248092651367
2024-08-23,21.224742889404297,63.18023681640625
2024-08-26,21.206134796142578,63.26853942871094
2024-08-27,21.178218841552734,62.70925521850586
2024-08-28,21.3829288482666,62.77793884277344
2024-08-29,21.59694480895996,63.71009063720703
2024-08-30,21.79235076904297,63.87688064575195
2024-09-03,21.632457733154297,63.57271194458008
2024-09-04,21.47256851196289,62.69944381713867
2024-09-05,21.26564598083496,62.493385314941406
2024-09-06,20.851808547973633,61.718231201171875
2024-09-09,21.209213256835938,61.8261604309082
2024-09-10,20.992889404296875,61.87522506713867
2024-09-11,20.691917419433594,62.21864700317383
2024-09-12,20.626079559326172,60.58002471923828
2024-09-13,20.663698196411133,60.952884674072266
2024-09-16,20.974077224731445,62.493385314941406
2024-09-17,21.19040298461914,62.64057159423828
2024-09-18,21.369104385375977,62.36582946777344
2024-09-19,21.97105598449707,63.543277740478516
2024-09-20,21.735918045043945,64.16145324707031
2024-09-23,21.54781150817871,63.71009063720703
2024-09-24,21.557214736938477,63.366668701171875
2024-09-25,21.199810028076172,62.836814880371094
2024-09-26,21.538402557373047,62.64057159423828
2024-09-27,21.660675048828125,63.20967102050781
2024-09-30,21.942834854125977,63.592342376708984
2024-10-01,21.199810028076172,62.70925521850586
2024-10-02,21.218618392944336,62.15977096557617
2024-10-03,21.09634780883789,62.208831787109375
2024-10-04,21.481971740722656,63.533477783203125
2024-10-07,21.453752517700195,63.082115173339844
2024-10-08,21.38791847229004,63.68064880371094
2024-10-09,21.707700729370117,65.44683074951172
2024-10-10,21.670080184936523,65.39777374267578
2024-10-11,22.28143310546875,66.40841674804688
2024-10-14,22.431917190551758,66.54578399658203
2024-10-15,22.347272872924805,70.60800170898438
2024-10-16,22.554187774658203,70.72576141357422
2024-10-17,22.554187774658203,70.5589599609375
2024-10-18,22.40369987487793,70.01927947998047
2024-10-21,22.224998474121094,69.53849029541016
2024-10-22,22.234403610229492,69.57774353027344
2024-10-23,22.234403610229492,70.36270141601562
2024-10-24,22.347272872924805,71.2261734008789
2024-10-25,22.10272789001465,70.47063446044922
2024-10-28,22.629432678222656,70.68651580810547
2024-10-29,22.450729370117188,70.53932189941406
2024-10-30,22.629432678222656,69.76416778564453
2024-10-31,22.450729370117188,69.4992446899414
2024-11-01,22.159160614013672,69.60718536376953
2024-11-04,21.999269485473633,69.62680053710938
2024-11-05,22.215593338012695,69.97022247314453
2024-11-06,24.745649337768555,74.32681274414062
2024-11-07,23.89916229248047,71.7952651977539
2024-11-08,24.096677780151367,72.7601547241211
2024-11-11,24.64219093322754,76.64923095703125
2024-11-12,24.623380661010742,76.98399353027344
2024-11-13,24.548137664794922,77.0430679321289
2024-11-14,24.708030700683594,78.95314025878906
2024-11-15,24.792678833007812,79.39620208740234
2024-11-18,24.764461517333984,80.13463592529297
2024-11-19,24.698623657226562,78.95314025878906
2024-11-20,24.698623657226562,79.21897888183594
2024-11-21,25.150083541870117,79.5537338256836
2024-11-22,25.657978057861328,80.00663757324219
2024-11-25,25.836679458618164,80.5087661743164
2024-11-26,25.68619155883789,80.98137664794922
2024-11-27,25.629756927490234,81.32597351074219
2024-11-29,25.6391658782959,81.48350524902344
2024-12-02,25.183528900146484,80.13463592529297
2024-12-03,25.0031681060791,79.86880493164062
2024-12-04,24.965198516845703,80.2527847290039
2024-12-05,24.95570945739746,80.54815673828125
2024-12-06,24.92723274230957,80.2134017944336
2024-12-09,24.424131393432617,80.2527847290039
2024-12-10,24.044431686401367,81.05029296875
2024-12-11,24.110877990722656,81.13890075683594
2024-12-12,23.778642654418945,81.57211303710938
2024-12-13,23.83559799194336,78.31316375732422
2024-12-16,23.90204429626465,76.73785400390625
2024-12-17,23.360973358154297,75.5760498046875
2024-12-18,22.107969284057617,72.8290786743164
2024-12-19,21.994056701660156,72.48448181152344
2024-12-20,22.5636043548584,73.16383361816406
2024-12-23,22.630048751831055,73.55767059326172
2024-12-24,22.800918579101562,73.68566131591797
2024-12-26,22.77243995666504,73.8924331665039
2024-12-27,22.53512954711914,73.58720397949219
2024-12-30,22.459186553955078,72.7896957397461
2024-12-31,22.3262939453125,72.86846923828125
2025-01-02,22.07948875427246,72.70108032226562
2025-01-03,22.421218872070312,73.30167388916016
2025-01-06,22.57309913635254,73.33121490478516
2025-01-07,22.639545440673828,71.14546203613281
2025-01-08,22.611068725585938,71.8740463256836
2025-01-10,21.889636993408203,71.64759063720703
2025-01-13,22.421218872070312,71.53929901123047
2025-01-14,22.781930923461914,71.22421264648438
2025-01-15,23.446407318115234,72.52387237548828
2025-01-16,23.275541305541992,74.34532928466797
2025-01-17,22.971784591674805,75.2314453125
2025-01-21,23.398941040039062,79.68172454833984
2025-01-22,23.085691452026367,79.35681915283203
2025-01-23,23.02873420715332,80.81399536132812
2025-01-24,23.228076934814453,80.56783294677734
2025-01-27,23.51285171508789,81.25706481933594
2025-01-28,23.493864059448242,80.43984985351562
2025-01-29,23.332494735717773,80.79430389404297
2025-01-30,23.51285171508789,82.310546875
2025-01-31,23.389450073242188,81.44412231445312
2025-02-03,22.82939338684082,81.4736557006836
2025-02-04,23.123661041259766,80.53831481933594
2025-02-05,23.085691452026367,80.60723876953125
2025-02-06,23.389450073242188,82.34992980957031
2025-02-07,23.209095001220703,81.89702606201172
2025-02-10,22.857872009277344,79.91802978515625
2025-02-11,23.152137756347656,81.91671752929688
2025-02-12,22.77243995666504,81.01090240478516
2025-02-13,22.82939338684082,80.31185150146484
2025-02-14,23.085691452026367,79.363525390625
2025-02-18,23.40843391418457,80.48966217041016
2025-02-19,23.275541305541992,81.01322937011719
2025-02-20,22.838886260986328,80.83541870117188
2025-02-21,22.202890396118164,79.46231079101562
2025-02-24,22.25035285949707,79.14620208740234
2025-02-25,22.18390655517578,78.03981018066406
2025-02-26,22.193397521972656,77.74345397949219
2025-02-27,22.212383270263672,77.47673797607422
2025-02-28,22.506650924682617,78.56336975097656
2025-03-03,22.19965362548828,77.1705093383789
2025-03-04,21.451351165771484,74.23661041259766
2025-03-05,21.192323684692383,75.8072738647461
2025-03-06,21.058012008666992,74.64161682128906
2025-03-07,21.17313575744629,73.7229232788086
2025-03-10,20.655080795288086,70.37413024902344
2025-03-11,20.137022018432617,71.58917999267578
2025-03-12,20.204179763793945,73.31791687011719
2025-03-13,19.993118286132812,72.61653900146484
2025-03-14,20.559144973754883,76.17278289794922
2025-03-17,20.664674758911133,76.82475280761719
2025-03-18,20.60711097717285,76.61731719970703
2025-03-19,20.866138458251953,77.77310180664062
2025-03-20,20.798986434936523,77.61502838134766
2025-03-21,20.8277645111084,77.4372329711914
2025-03-24,21.365007400512695,78.98814392089844
2025-03-25,21.5089111328125,79.76853942871094
2025-03-26,21.336225509643555,79.16596221923828
2025-03-27,21.03882598876953,78.63251495361328
2025-03-28,20.549549102783203,76.86427307128906
2025-03-31,20.84695053100586,77.32855987548828
2025-04-01,20.693452835083008,76.7259750366211
2025-04-02,21.125165939331055,77.63479614257812
2025-04-03,18.8131046295166,73.96001434326172
2025-04-04,17.901708602905273,68.22062683105469
2025-04-07,17.920896530151367,69.188720703125
2025-04-08,17.59471321105957,69.0800552368164
2025-04-09,19.187253952026367,74.33538818359375
2025-04-10,18.22789192199707,72.95240783691406
2025-04-11,18.19911003112793,76.02461242675781
2025-04-14,18.486919403076172,75.98509216308594
2025-04-15,18.640419006347656,76.2518081665039
2025-04-16,18.39098358154297,74.77991485595703
2025-04-17,18.525293350219727,75.22444915771484
2025-04-21,18.314233779907227,74.0390396118164
2025-04-22,18.9761962890625,75.64923095703125
2025-04-23,19.20644187927246,76.90379333496094
2025-04-24,19.705312728881836,78.41519165039062
2025-04-25,19.45587730407715,78.96839141845703
2025-04-28,19.628559112548828,79.2054672241211
2025-04-29,19.686124801635742,80.27234649658203
2025-04-30,19.58059310913086,80.41064453125
2025-05-01,19.676530838012695,80.51930236816406
2025-05-02,20.1945858001709,82.099853515625
2025-05-05,20.252147674560547,82.35670471191406
2025-05-06,19.86840057373047,81.82325744628906
2025-05-07,19.935556411743164,82.9889144897461
2025-05-08,20.43442726135254,83.34455108642578
2025-05-09,20.30011558532715,83.71121978759766
2025-05-12,21.345821380615234,84.60314178466797
2025-05-13,21.528100967407227,85.44549560546875
2025-05-14,21.528100967407227,86.37705993652344
2025-05-15,21.547286987304688,87.31852722167969
2025-05-16,21.67200469970703,87.89331817626953
2025-05-19,21.62403678894043,88.42845916748047
2025-05-20,21.345821380615234,88.37891387939453
2025-05-21,20.45361328125,86.79328918457031
2025-05-22,20.5015811920166,86.52571105957031
2025-05-23,20.376863479614258,86.61489868164062
2025-05-27,20.789392471313477,87.83384704589844
2025-05-28,20.463207244873047,87.25906372070312
2025-05-29,20.693452835083008,86.97167205810547
2025-05-30,20.56873893737793,87.54645538330078
2025-06-02,20.4910831451416,87.31852722167969
2025-06-03,20.89876937866211,87.20951080322266
2025-06-04,20.675512313842773,86.69418334960938
2025-06-05,20.69492530822754,86.45633697509766
2025-06-06,21.40352439880371,87.45726013183594
2025-06-09,21.442350387573242,87.4176254272461
2025-06-10,21.704435348510742,87.4770736694336
2025-06-11,21.63648796081543,87.60591125488281
2025-06-12,21.43264389038086,87.70501708984375
2025-06-13,20.87935447692871,86.57525634765625
2025-06-16,21.04437255859375,88.17080688476562
2025-06-17,20.908477783203125,88.16088104248047
2025-06-18,21.316162109375,89.10235595703125
2025-06-20,21.54912567138672,88.40864562988281
2025-06-23,21.97622299194336,87.58609771728516
2025-06-24,22.20918846130371,88.51765441894531
2025-06-25,22.218894958496094,88.99333953857422
2025-06-26,22.665409088134766,88.6365737915039
2025-06-27,22.665409088134766,89.17172241210938
2025-06-30,22.830425262451172,90.42040252685547
2025-07-01,23.461366653442383,90.35102844238281
2025-07-02,23.830224990844727,90.51950073242188
2025-07-03,24.07289695739746,90.65824890136719
2025-07-07,23.849639892578125,91.7681884765625
2025-07-08,23.937000274658203,91.12403106689453
2025-07-09,23.907878875732422,91.4906997680664
2025-07-10,24.111724853515625,92.20423126220703
2025-07-11,23.966123580932617,91.14384460449219
2025-07-14,23.975830078125,91.8672866821289
2025-07-15,23.32547378540039,90.78707885742188
2025-07-16,23.374006271362305,90.44022369384766
2025-07-17,23.791399002075195,92.2636947631836
2025-07-18,25.247421264648438,94.93944549560547
2025-07-21,25.28624725341797,95.3853988647461
2025-07-22,25.43185043334961,94.53311920166016
2025-07-23,25.59686851501465,94.29528045654297
2025-07-24,25.52891731262207,95.6331558227539
2025-07-25,25.645401000976562,96.18811798095703
2025-07-28,25.52891731262207,97.0304946899414
2025-07-29,25.422142028808594,97.0304946899414
2025-07-30,24.946510314941406,97.68456268310547
2025-07-31,24.587358474731445,96.85211181640625
2025-08-01,24.16025733947754,94.67186737060547
2025-08-04,24.441757202148438,96.22776794433594
2025-08-05,24.441757202148438,95.57369995117188
2025-08-06,24.199087142944336,95.84127044677734
2025-08-07,23.917587280273438,95.12773132324219
2025-08-08,24.18937873840332,96.47932434082031
2025-08-11,23.907878875732422,97.02591705322266
2025-08-12,24.587358474731445,98.07936096191406
2025-08-13,25.082406997680664,94.99854278564453
2025-08-14,25.28624725341797,97.17498779296875
2025-08-15,24.849443435668945,95.51532745361328
2025-08-18,24.936803817749023,95.574951171875
2025-08-19,24.965923309326172,95.16749572753906
2025-08-20,25.10181999206543,94.9190444946289
2025-08-21,24.985336303710938,95.22711944580078
2025-08-22,25.975433349609375,95.237060546875
2025-08-25,25.868656158447266,95.59483337402344
2025-08-26,26.28605079650879,96.63833618164062
2025-08-27,26.606374740600586,96.27062225341797
2025-08-28,26.52872085571289,96.4892578125
2025-08-29,26.58696174621582,95.24699401855469
2025-09-02,26.35662269592285,95.52526092529297
2025-09-03,26.40563201904297,95.62464141845703
2025-09-04,26.81730079650879,97.02591705322266
2025-09-05,26.493846893310547,91.48045349121094
2025-09-08,26.50364875793457,92.87178039550781
2025-09-09,26.28801155090332,93.09041595458984
2025-09-10,26.50364875793457,91.66926574707031
2025-09-11,26.50364875793457,93.35874938964844
2025-09-12,26.621267318725586,92.96122741699219
2025-09-15,26.366424560546875,91.53013610839844
2025-09-16,26.03316879272461,90.46675109863281
2025-09-17,26.395830154418945,91.52019500732422
2025-09-18,26.856508255004883,92.70283508300781
2025-09-19,26.621267318725586,93.74634552001953
2025-09-22,26.03316879272461,93.84571838378906
2025-09-23,26.19979476928711,93.32894134521484
2025-09-24,26.13118553161621,91.79846954345703
2025-09-25,26.07237434387207,94.19355773925781
2025-09-26,26.10177993774414,94.86934661865234
2025-09-29,25.9743595123291,96.29049682617188
2025-09-30,25.846939086914062,94.87928009033203
2025-10-01,25.690109252929688,91.67920684814453
2025-10-02,25.680309295654297,92.12641906738281
2025-10-03,25.866540908813477,93.49788665771484
2025-10-06,25.347055435180664,93.41838073730469
2025-10-07,25.219633102416992,93.4283218383789
2025-10-08,24.788360595703125,93.20967864990234
2025-10-09,24.807964324951172,93.4382553100586
2025-10-10,23.680774688720703,91.39099884033203
2025-10-13,24.072839736938477,92.91152954101562
2025-10-14,24.660938262939453,92.81214904785156
2025-10-15,24.249269485473633,93.74634552001953
2025-10-16,22.886842727661133,92.83203125
2025-10-17,23.11227798461914,93.55751037597656
2025-10-20,23.5827579498291,94.36249542236328
2025-10-21,23.876806259155273,94.50162506103516
2025-10-22,23.631765365600586,93.7264633178711
2025-10-23,23.621963500976562,94.01466369628906
2025-10-24,24.0826416015625,93.83577728271484
2025-10-27,23.759185791015625,94.253173828125
2025-10-28,23.788593292236328,93.2693099975586
2025-10-29,23.592559814453125,94.02461242675781
2025-10-30,23.719982147216797,93.82585144042969
2025-10-31,23.719982147216797,93.9351577758789
2025-11-03,23.759185791015625,92.57363891601562
2025-11-04,23.67097282409668,93.25936126708984
2025-11-05,23.896408081054688,93.1003646850586
2025-11-06,23.82779884338379,93.61714172363281
2025-11-07,24.357088088989258,94.65070343017578
2025-11-10,24.543319702148438,94.98860931396484
2025-11-11,24.56292152404785,95.52526092529297
2025-11-12,24.886375427246094,97.10542297363281
2025-11-13,24.46490478515625,94.76996612548828
2025-11-14,24.46490478515625,94.07231903076172
2025-11-17,23.817996978759766,91.60066986083984
2025-11-18,23.70037841796875,91.96942138671875
2025-11-19,23.73958396911621,92.32820892333984
2025-11-20,23.621963500976562,90.1854476928711
2025-11-21,24.415897369384766,90.20538330078125
2025-11-24,24.357088088989258,90.21534729003906
2025-11-25,24.915781021118164,90.43460845947266
2025-11-26,24.945188522338867,91.49104309082031
2025-11-28,24.945188522338867,92.41791534423828
2025-12-01,25.08880615234375,92.37804412841797
2025-12-02,25.16804313659668,91.7601318359375
2025-12-03,25.95052146911621,93.67366790771484
2025-12-04,26.15852165222168,94.71016693115234
2025-12-05,26.029760360717773,93.50424194335938
2025-12-08,26.089187622070312,93.96269226074219
2025-12-09,26.188236236572266,93.84310150146484
2025-12-10,27.11928367614746,95.48754119873047
2025-12-11,27.574905395507812,96.72337341308594
2025-12-12,27.337190628051758,96.32472229003906
2025-12-15,27.12919044494629,94.9593276977539
2025-12-16,27.248046875,95.6769027709961
2025-12-17,27.307476043701172,96.28485107421875
2025-12-18,27.22823715209961,96.90277099609375
2025-12-19,27.39661979675293,98.48741149902344
2025-12-22,27.555095672607422,101.0687026977539
2025-12-23,27.28766632080078,100.83946990966797
2025-12-24,27.465951919555664,101.50721740722656
2025-12-26,27.52538299560547,101.54708099365234
2025-12-29,27.28766632080078,100.96903228759766
2025-12-30,27.059856414794922,100.21159362792969
